x,y
0,0
0.001,0.000510756
0.002,0.00102505
0.003,0.00154287
0.004,0.00206423
0.005,0.00258912
0.006,0.00311756
0.007,0.00364953
0.008,0.00418504
0.009,0.00472409
0.01,0.00526669
0.011,0.00581283
0.012,0.00636251
0.013,0.00691574
0.014,0.00747251
0.015,0.00803284
0.016,0.00859671
0.017,0.00916413
0.018,0.0097351
0.019,0.0103096
0.02,0.0108877
0.021,0.0114693
0.022,0.0120545
0.023,0.0126433
0.024,0.0132356
0.025,0.0138314
0.026,0.0144308
0.027,0.0150338
0.028,0.0156404
0.029,0.0162505
0.03,0.0168641
0.031,0.0174814
0.032,0.0181022
0.033,0.0187265
0.034,0.0193544
0.035,0.0199859
0.036,0.020621
0.037,0.0212597
0.038,0.0219019
0.039,0.0225477
0.04,0.023197
0.041,0.02385
0.042,0.0245065
0.043,0.0251666
0.044,0.0258302
0.045,0.0264975
0.046,0.0271683
0.047,0.0278427
0.048,0.0285207
0.049,0.0292023
0.05,0.0298874
0.051,0.0305762
0.052,0.0312685
0.053,0.0319644
0.054,0.0326639
0.055,0.033367
0.056,0.0340737
0.057,0.034784
0.058,0.0354979
0.059,0.0362153
0.06,0.0369364
0.061,0.037661
0.062,0.0383893
0.063,0.0391211
0.064,0.0398566
0.065,0.0405956
0.066,0.0413383
0.067,0.0420845
0.068,0.0428343
0.069,0.0435878
0.07,0.0443448
0.071,0.0451055
0.072,0.0458698
0.073,0.0466376
0.074,0.0474091
0.075,0.0481842
0.076,0.0489629
0.077,0.0497452
0.078,0.0505311
0.079,0.0513206
0.08,0.0521138
0.081,0.0529105
0.082,0.0537109
0.083,0.0545149
0.084,0.0553225
0.085,0.0561337
0.086,0.0569485
0.087,0.057767
0.088,0.0585891
0.089,0.0594148
0.09,0.0602441
0.091,0.0610771
0.092,0.0619136
0.093,0.0627538
0.094,0.0635976
0.095,0.0644451
0.096,0.0652962
0.097,0.0661509
0.098,0.0670092
0.099,0.0678711
0.1,0.0687367
0.101,0.069606
0.102,0.0704788
0.103,0.0713553
0.104,0.0722354
0.105,0.0731192
0.106,0.0740066
0.107,0.0748976
0.108,0.0757923
0.109,0.0766906
0.11,0.0775925
0.111,0.0784981
0.112,0.0794073
0.113,0.0803202
0.114,0.0812367
0.115,0.0821569
0.116,0.0830807
0.117,0.0840081
0.118,0.0849392
0.119,0.0858739
0.12,0.0868123
0.121,0.0877543
0.122,0.0887
0.123,0.0896493
0.124,0.0906023
0.125,0.0915589
0.126,0.0925192
0.127,0.0934831
0.128,0.0944507
0.129,0.095422
0.13,0.0963969
0.131,0.0973754
0.132,0.0983576
0.133,0.0993435
0.134,0.100333
0.135,0.101326
0.136,0.102323
0.137,0.103323
0.138,0.104328
0.139,0.105335
0.14,0.106347
0.141,0.107362
0.142,0.108381
0.143,0.109403
0.144,0.110429
0.145,0.111459
0.146,0.112493
0.147,0.11353
0.148,0.114571
0.149,0.115615
0.15,0.116663
0.151,0.117715
0.152,0.118771
0.153,0.11983
0.154,0.120892
0.155,0.121959
0.156,0.123029
0.157,0.124103
0.158,0.12518
0.159,0.126262
0.16,0.127346
0.161,0.128435
0.162,0.129527
0.163,0.130623
0.164,0.131723
0.165,0.132826
0.166,0.133933
0.167,0.135043
0.168,0.136158
0.169,0.137276
0.17,0.138397
0.171,0.139522
0.172,0.140651
0.173,0.141784
0.174,0.142921
0.175,0.144061
0.176,0.145204
0.177,0.146352
0.178,0.147503
0.179,0.148658
0.18,0.149816
0.181,0.150978
0.182,0.152144
0.183,0.153314
0.184,0.154487
0.185,0.155664
0.186,0.156844
0.187,0.158029
0.188,0.159217
0.189,0.160408
0.19,0.161604
0.191,0.162803
0.192,0.164005
0.193,0.165212
0.194,0.166422
0.195,0.167636
0.196,0.168853
0.197,0.170074
0.198,0.171299
0.199,0.172528
0.2,0.17376
0.201,0.174996
0.202,0.176236
0.203,0.177479
0.204,0.178726
0.205,0.179977
0.206,0.181231
0.207,0.18249
0.208,0.183751
0.209,0.185017
0.21,0.186286
0.211,0.187559
0.212,0.188836
0.213,0.190116
0.214,0.1914
0.215,0.192688
0.216,0.19398
0.217,0.195275
0.218,0.196574
0.219,0.197876
0.22,0.199182
0.221,0.200492
0.222,0.201806
0.223,0.203123
0.224,0.204444
0.225,0.205769
0.226,0.207098
0.227,0.20843
0.228,0.209766
0.229,0.211105
0.23,0.212449
0.231,0.213796
0.232,0.215146
0.233,0.216501
0.234,0.217859
0.235,0.219221
0.236,0.220586
0.237,0.221956
0.238,0.223329
0.239,0.224705
0.24,0.226086
0.241,0.22747
0.242,0.228857
0.243,0.230249
0.244,0.231644
0.245,0.233043
0.246,0.234446
0.247,0.235852
0.248,0.237262
0.249,0.238676
0.25,0.240093
0.251,0.241514
0.252,0.242939
0.253,0.244368
0.254,0.2458
0.255,0.247236
0.256,0.248676
0.257,0.250119
0.258,0.251566
0.259,0.253017
0.26,0.254471
0.261,0.25593
0.262,0.257392
0.263,0.258857
0.264,0.260327
0.265,0.2618
0.266,0.263277
0.267,0.264757
0.268,0.266241
0.269,0.267729
0.27,0.269221
0.271,0.270716
0.272,0.272215
0.273,0.273718
0.274,0.275224
0.275,0.276735
0.276,0.278248
0.277,0.279766
0.278,0.281287
0.279,0.282812
0.28,0.284341
0.281,0.285874
0.282,0.28741
0.283,0.28895
0.284,0.290493
0.285,0.29204
0.286,0.293591
0.287,0.295146
0.288,0.296704
0.289,0.298266
0.29,0.299832
0.291,0.301402
0.292,0.302975
0.293,0.304552
0.294,0.306133
0.295,0.307717
0.296,0.309305
0.297,0.310897
0.298,0.312492
0.299,0.314091
0.3,0.315694
0.301,0.317301
0.302,0.318911
0.303,0.320525
0.304,0.322143
0.305,0.323764
0.306,0.325389
0.307,0.327018
0.308,0.328651
0.309,0.330287
0.31,0.331927
0.311,0.33357
0.312,0.335218
0.313,0.336869
0.314,0.338523
0.315,0.340182
0.316,0.341844
0.317,0.34351
0.318,0.345179
0.319,0.346852
0.32,0.348529
0.321,0.35021
0.322,0.351894
0.323,0.353582
0.324,0.355274
0.325,0.35697
0.326,0.358669
0.327,0.360371
0.328,0.362078
0.329,0.363788
0.33,0.365502
0.331,0.36722
0.332,0.368941
0.333,0.370666
0.334,0.372395
0.335,0.374127
0.336,0.375863
0.337,0.377603
0.338,0.379346
0.339,0.381093
0.34,0.382844
0.341,0.384599
0.342,0.386357
0.343,0.388119
0.344,0.389885
0.345,0.391654
0.346,0.393427
0.347,0.395203
0.348,0.396984
0.349,0.398768
0.35,0.400555
0.351,0.402347
0.352,0.404142
0.353,0.405941
0.354,0.407743
0.355,0.409549
0.356,0.411359
0.357,0.413172
0.358,0.41499
0.359,0.41681
0.36,0.418635
0.361,0.420463
0.362,0.422295
0.363,0.424131
0.364,0.42597
0.365,0.427813
0.366,0.429659
0.367,0.431509
0.368,0.433363
0.369,0.435221
0.37,0.437082
0.371,0.438947
0.372,0.440816
0.373,0.442688
0.374,0.444564
0.375,0.446443
0.376,0.448327
0.377,0.450214
0.378,0.452104
0.379,0.453998
0.38,0.455896
0.381,0.457798
0.382,0.459703
0.383,0.461612
0.384,0.463525
0.385,0.465441
0.386,0.467361
0.387,0.469284
0.388,0.471211
0.389,0.473142
0.39,0.475077
0.391,0.477015
0.392,0.478956
0.393,0.480902
0.394,0.482851
0.395,0.484804
0.396,0.48676
0.397,0.48872
0.398,0.490684
0.399,0.492651
0.4,0.494622
0.401,0.496596
0.402,0.498575
0.403,0.500556
0.404,0.502542
0.405,0.504531
0.406,0.506524
0.407,0.50852
0.408,0.51052
0.409,0.512524
0.41,0.514531
0.411,0.516542
0.412,0.518556
0.413,0.520575
0.414,0.522596
0.415,0.524622
0.416,0.526651
0.417,0.528684
0.418,0.53072
0.419,0.53276
0.42,0.534803
0.421,0.53685
0.422,0.538901
0.423,0.540955
0.424,0.543013
0.425,0.545075
0.426,0.54714
0.427,0.549209
0.428,0.551281
0.429,0.553357
0.43,0.555437
0.431,0.55752
0.432,0.559607
0.433,0.561697
0.434,0.563791
0.435,0.565889
0.436,0.56799
0.437,0.570095
0.438,0.572203
0.439,0.574315
0.44,0.576431
0.441,0.57855
0.442,0.580673
0.443,0.582799
0.444,0.584929
0.445,0.587063
0.446,0.5892
0.447,0.59134
0.448,0.593484
0.449,0.595632
0.45,0.597784
0.451,0.599939
0.452,0.602097
0.453,0.604259
0.454,0.606425
0.455,0.608594
0.456,0.610767
0.457,0.612943
0.458,0.615123
0.459,0.617307
0.46,0.619494
0.461,0.621684
0.462,0.623878
0.463,0.626076
0.464,0.628277
0.465,0.630482
0.466,0.63269
0.467,0.634902
0.468,0.637118
0.469,0.639337
0.47,0.641559
0.471,0.643785
0.472,0.646015
0.473,0.648248
0.474,0.650484
0.475,0.652725
0.476,0.654968
0.477,0.657216
0.478,0.659466
0.479,0.661721
0.48,0.663978
0.481,0.66624
0.482,0.668504
0.483,0.670773
0.484,0.673045
0.485,0.67532
0.486,0.677599
0.487,0.679881
0.488,0.682167
0.489,0.684456
0.49,0.686749
0.491,0.689046
0.492,0.691346
0.493,0.693649
0.494,0.695956
0.495,0.698266
0.496,0.70058
0.497,0.702897
0.498,0.705218
0.499,0.707542
0.5,0.70987
0.501,0.712201
0.502,0.714536
0.503,0.716874
0.504,0.719216
0.505,0.721561
0.506,0.72391
0.507,0.726262
0.508,0.728617
0.509,0.730976
0.51,0.733338
0.511,0.735704
0.512,0.738074
0.513,0.740446
0.514,0.742823
0.515,0.745202
0.516,0.747585
0.517,0.749972
0.518,0.752362
0.519,0.754755
0.52,0.757152
0.521,0.759552
0.522,0.761956
0.523,0.764363
0.524,0.766774
0.525,0.769188
0.526,0.771605
0.527,0.774026
0.528,0.77645
0.529,0.778878
0.53,0.781309
0.531,0.783743
0.532,0.786181
0.533,0.788622
0.534,0.791067
0.535,0.793515
0.536,0.795966
0.537,0.798421
0.538,0.800879
0.539,0.803341
0.54,0.805806
0.541,0.808274
0.542,0.810746
0.543,0.813221
0.544,0.8157
0.545,0.818181
0.546,0.820667
0.547,0.823155
0.548,0.825647
0.549,0.828142
0.55,0.830641
0.551,0.833143
0.552,0.835648
0.553,0.838157
0.554,0.840669
0.555,0.843184
0.556,0.845703
0.557,0.848225
0.558,0.85075
0.559,0.853279
0.56,0.855811
0.561,0.858346
0.562,0.860885
0.563,0.863427
0.564,0.865972
0.565,0.868521
0.566,0.871073
0.567,0.873628
0.568,0.876186
0.569,0.878748
0.57,0.881313
0.571,0.883881
0.572,0.886453
0.573,0.889028
0.574,0.891606
0.575,0.894188
0.576,0.896772
0.577,0.89936
0.578,0.901952
0.579,0.904546
0.58,0.907144
0.581,0.909745
0.582,0.91235
0.583,0.914957
0.584,0.917568
0.585,0.920182
0.586,0.9228
0.587,0.92542
0.588,0.928044
0.589,0.930671
0.59,0.933301
0.591,0.935935
0.592,0.938572
0.593,0.941211
0.594,0.943855
0.595,0.946501
0.596,0.949151
0.597,0.951803
0.598,0.954459
0.599,0.957119
0.6,0.959781
0.601,0.962447
0.602,0.965115
0.603,0.967787
0.604,0.970462
0.605,0.973141
0.606,0.975822
0.607,0.978507
0.608,0.981195
0.609,0.983886
0.61,0.98658
0.611,0.989277
0.612,0.991978
0.613,0.994681
0.614,0.997388
0.615,1.0001
0.616,1.00281
0.617,1.00553
0.618,1.00825
0.619,1.01097
0.62,1.01369
0.621,1.01642
0.622,1.01915
0.623,1.02189
0.624,1.02463
0.625,1.02737
0.626,1.03011
0.627,1.03286
0.628,1.03561
0.629,1.03836
0.63,1.04112
0.631,1.04388
0.632,1.04664
0.633,1.04941
0.634,1.05218
0.635,1.05495
0.636,1.05772
0.637,1.0605
0.638,1.06328
0.639,1.06607
0.64,1.06886
0.641,1.07165
0.642,1.07444
0.643,1.07724
0.644,1.08003
0.645,1.08284
0.646,1.08564
0.647,1.08845
0.648,1.09126
0.649,1.09408
0.65,1.09689
0.651,1.09971
0.652,1.10254
0.653,1.10536
0.654,1.10819
0.655,1.11103
0.656,1.11386
0.657,1.1167
0.658,1.11954
0.659,1.12239
0.66,1.12523
0.661,1.12808
0.662,1.13094
0.663,1.13379
0.664,1.13665
0.665,1.13951
0.666,1.14238
0.667,1.14525
0.668,1.14812
0.669,1.15099
0.67,1.15387
0.671,1.15675
0.672,1.15963
0.673,1.16251
0.674,1.1654
0.675,1.16829
0.676,1.17119
0.677,1.17408
0.678,1.17698
0.679,1.17989
0.68,1.18279
0.681,1.1857
0.682,1.18861
0.683,1.19153
0.684,1.19444
0.685,1.19736
0.686,1.20029
0.687,1.20321
0.688,1.20614
0.689,1.20907
0.69,1.212
0.691,1.21494
0.692,1.21788
0.693,1.22082
0.694,1.22377
0.695,1.22672
0.696,1.22967
0.697,1.23262
0.698,1.23558
0.699,1.23854
0.7,1.2415
0.701,1.24446
0.702,1.24743
0.703,1.2504
0.704,1.25337
0.705,1.25635
0.706,1.25933
0.707,1.26231
0.708,1.26529
0.709,1.26828
0.71,1.27127
0.711,1.27426
0.712,1.27726
0.713,1.28025
0.714,1.28325
0.715,1.28626
0.716,1.28926
0.717,1.29227
0.718,1.29528
0.719,1.2983
0.72,1.30131
0.721,1.30433
0.722,1.30735
0.723,1.31038
0.724,1.31341
0.725,1.31643
0.726,1.31947
0.727,1.3225
0.728,1.32554
0.729,1.32858
0.73,1.33162
0.731,1.33467
0.732,1.33772
0.733,1.34077
0.734,1.34382
0.735,1.34688
0.736,1.34994
0.737,1.353
0.738,1.35606
0.739,1.35913
0.74,1.3622
0.741,1.36527
0.742,1.36834
0.743,1.37142
0.744,1.3745
0.745,1.37758
0.746,1.38066
0.747,1.38375
0.748,1.38684
0.749,1.38993
0.75,1.39302
0.751,1.39612
0.752,1.39922
0.753,1.40232
0.754,1.40543
0.755,1.40853
0.756,1.41164
0.757,1.41475
0.758,1.41787
0.759,1.42098
0.76,1.4241
0.761,1.42723
0.762,1.43035
0.763,1.43348
0.764,1.4366
0.765,1.43974
0.766,1.44287
0.767,1.44601
0.768,1.44914
0.769,1.45229
0.77,1.45543
0.771,1.45857
0.772,1.46172
0.773,1.46487
0.774,1.46803
0.775,1.47118
0.776,1.47434
0.777,1.4775
0.778,1.48066
0.779,1.48383
0.78,1.48699
0.781,1.49016
0.782,1.49333
0.783,1.49651
0.784,1.49968
0.785,1.50286
0.786,1.50604
0.787,1.50923
0.788,1.51241
0.789,1.5156
0.79,1.51879
0.791,1.52198
0.792,1.52518
0.793,1.52838
0.794,1.53157
0.795,1.53478
0.796,1.53798
0.797,1.54119
0.798,1.54439
0.799,1.5476
0.8,1.55082
0.801,1.55403
0.802,1.55725
0.803,1.56047
0.804,1.56369
0.805,1.56691
0.806,1.57014
0.807,1.57337
0.808,1.5766
0.809,1.57983
0.81,1.58306
0.811,1.5863
0.812,1.58954
0.813,1.59278
0.814,1.59602
0.815,1.59927
0.816,1.60252
0.817,1.60577
0.818,1.60902
0.819,1.61227
0.82,1.61553
0.821,1.61878
0.822,1.62204
0.823,1.62531
0.824,1.62857
0.825,1.63184
0.826,1.6351
0.827,1.63837
0.828,1.64165
0.829,1.64492
0.83,1.6482
0.831,1.65148
0.832,1.65476
0.833,1.65804
0.834,1.66132
0.835,1.66461
0.836,1.6679
0.837,1.67119
0.838,1.67448
0.839,1.67777
0.84,1.68107
0.841,1.68437
0.842,1.68767
0.843,1.69097
0.844,1.69427
0.845,1.69758
0.846,1.70089
0.847,1.7042
0.848,1.70751
0.849,1.71082
0.85,1.71414
0.851,1.71746
0.852,1.72078
0.853,1.7241
0.854,1.72742
0.855,1.73074
0.856,1.73407
0.857,1.7374
0.858,1.74073
0.859,1.74406
0.86,1.7474
0.861,1.75073
0.862,1.75407
0.863,1.75741
0.864,1.76075
0.865,1.76409
0.866,1.76744
0.867,1.77078
0.868,1.77413
0.869,1.77748
0.87,1.78084
0.871,1.78419
0.872,1.78754
0.873,1.7909
0.874,1.79426
0.875,1.79762
0.876,1.80098
0.877,1.80435
0.878,1.80771
0.879,1.81108
0.88,1.81445
0.881,1.81782
0.882,1.82119
0.883,1.82457
0.884,1.82794
0.885,1.83132
0.886,1.8347
0.887,1.83808
0.888,1.84146
0.889,1.84485
0.89,1.84823
0.891,1.85162
0.892,1.85501
0.893,1.8584
0.894,1.86179
0.895,1.86518
0.896,1.86858
0.897,1.87198
0.898,1.87537
0.899,1.87877
0.9,1.88218
0.901,1.88558
0.902,1.88898
0.903,1.89239
0.904,1.8958
0.905,1.89921
0.906,1.90262
0.907,1.90603
0.908,1.90944
0.909,1.91286
0.91,1.91627
0.911,1.91969
0.912,1.92311
0.913,1.92653
0.914,1.92995
0.915,1.93338
0.916,1.9368
0.917,1.94023
0.918,1.94366
0.919,1.94709
0.92,1.95052
0.921,1.95395
0.922,1.95738
0.923,1.96082
0.924,1.96425
0.925,1.96769
0.926,1.97113
0.927,1.97457
0.928,1.97801
0.929,1.98145
0.93,1.9849
0.931,1.98834
0.932,1.99179
0.933,1.99524
0.934,1.99869
0.935,2.00214
0.936,2.00559
0.937,2.00905
0.938,2.0125
0.939,2.01596
0.94,2.01941
0.941,2.02287
0.942,2.02633
0.943,2.02979
0.944,2.03325
0.945,2.03672
0.946,2.04018
0.947,2.04365
0.948,2.04711
0.949,2.05058
0.95,2.05405
0.951,2.05752
0.952,2.06099
0.953,2.06447
0.954,2.06794
0.955,2.07141
0.956,2.07489
0.957,2.07837
0.958,2.08185
0.959,2.08533
0.96,2.08881
0.961,2.09229
0.962,2.09577
0.963,2.09925
0.964,2.10274
0.965,2.10623
0.966,2.10971
0.967,2.1132
0.968,2.11669
0.969,2.12018
0.97,2.12367
0.971,2.12716
0.972,2.13066
0.973,2.13415
0.974,2.13765
0.975,2.14114
0.976,2.14464
0.977,2.14814
0.978,2.15164
0.979,2.15514
0.98,2.15864
0.981,2.16214
0.982,2.16564
0.983,2.16915
0.984,2.17265
0.985,2.17616
0.986,2.17966
0.987,2.18317
0.988,2.18668
0.989,2.19019
0.99,2.1937
0.991,2.19721
0.992,2.20072
0.993,2.20423
0.994,2.20775
0.995,2.21126
0.996,2.21478
0.997,2.21829
0.998,2.22181
0.999,2.22533
1,2.22884
1.001,2.23236
1.002,2.23588
1.003,2.2394
1.004,2.24292
1.005,2.24645
1.006,2.24997
1.007,2.25349
1.008,2.25702
1.009,2.26054
1.01,2.26407
1.011,2.2676
1.012,2.27112
1.013,2.27465
1.014,2.27818
1.015,2.28171
1.016,2.28524
1.017,2.28877
1.018,2.2923
1.019,2.29583
1.02,2.29937
1.021,2.3029
1.022,2.30643
1.023,2.30997
1.024,2.3135
1.025,2.31704
1.026,2.32057
1.027,2.32411
1.028,2.32765
1.029,2.33119
1.03,2.33473
1.031,2.33826
1.032,2.3418
1.033,2.34534
1.034,2.34889
1.035,2.35243
1.036,2.35597
1.037,2.35951
1.038,2.36305
1.039,2.3666
1.04,2.37014
1.041,2.37369
1.042,2.37723
1.043,2.38078
1.044,2.38432
1.045,2.38787
1.046,2.39141
1.047,2.39496
1.048,2.39851
1.049,2.40206
1.05,2.40561
1.051,2.40915
1.052,2.4127
1.053,2.41625
1.054,2.4198
1.055,2.42335
1.056,2.4269
1.057,2.43045
1.058,2.43401
1.059,2.43756
1.06,2.44111
1.061,2.44466
1.062,2.44822
1.063,2.45177
1.064,2.45532
1.065,2.45888
1.066,2.46243
1.067,2.46598
1.068,2.46954
1.069,2.47309
1.07,2.47665
1.071,2.4802
1.072,2.48376
1.073,2.48731
1.074,2.49087
1.075,2.49443
1.076,2.49798
1.077,2.50154
1.078,2.5051
1.079,2.50865
1.08,2.51221
1.081,2.51577
1.082,2.51933
1.083,2.52289
1.084,2.52644
1.085,2.53
1.086,2.53356
1.087,2.53712
1.088,2.54068
1.089,2.54424
1.09,2.54779
1.091,2.55135
1.092,2.55491
1.093,2.55847
1.094,2.56203
1.095,2.56559
1.096,2.56915
1.097,2.57271
1.098,2.57627
1.099,2.57983
1.1,2.58339
1.101,2.58695
1.102,2.59051
1.103,2.59407
1.104,2.59763
1.105,2.60119
1.106,2.60475
1.107,2.60831
1.108,2.61187
1.109,2.61543
1.11,2.61899
1.111,2.62255
1.112,2.62611
1.113,2.62966
1.114,2.63322
1.115,2.63678
1.116,2.64034
1.117,2.6439
1.118,2.64746
1.119,2.65102
1.12,2.65458
1.121,2.65814
1.122,2.6617
1.123,2.66526
1.124,2.66882
1.125,2.67237
1.126,2.67593
1.127,2.67949
1.128,2.68305
1.129,2.68661
1.13,2.69016
1.131,2.69372
1.132,2.69728
1.133,2.70084
1.134,2.70439
1.135,2.70795
1.136,2.71151
1.137,2.71506
1.138,2.71862
1.139,2.72218
1.14,2.72573
1.141,2.72929
1.142,2.73284
1.143,2.7364
1.144,2.73995
1.145,2.74351
1.146,2.74706
1.147,2.75062
1.148,2.75417
1.149,2.75772
1.15,2.76128
1.151,2.76483
1.152,2.76838
1.153,2.77193
1.154,2.77549
1.155,2.77904
1.156,2.78259
1.157,2.78614
1.158,2.78969
1.159,2.79324
1.16,2.79679
1.161,2.80034
1.162,2.80389
1.163,2.80744
1.164,2.81099
1.165,2.81453
1.166,2.81808
1.167,2.82163
1.168,2.82518
1.169,2.82872
1.17,2.83227
1.171,2.83581
1.172,2.83936
1.173,2.8429
1.174,2.84645
1.175,2.84999
1.176,2.85353
1.177,2.85708
1.178,2.86062
1.179,2.86416
1.18,2.8677
1.181,2.87124
1.182,2.87478
1.183,2.87832
1.184,2.88186
1.185,2.8854
1.186,2.88894
1.187,2.89248
1.188,2.89601
1.189,2.89955
1.19,2.90309
1.191,2.90662
1.192,2.91016
1.193,2.91369
1.194,2.91723
1.195,2.92076
1.196,2.92429
1.197,2.92782
1.198,2.93136
1.199,2.93489
1.2,2.93842
1.201,2.94195
1.202,2.94548
1.203,2.94901
1.204,2.95253
1.205,2.95606
1.206,2.95959
1.207,2.96311
1.208,2.96664
1.209,2.97016
1.21,2.97369
1.211,2.97721
1.212,2.98073
1.213,2.98426
1.214,2.98778
1.215,2.9913
1.216,2.99482
1.217,2.99834
1.218,3.00186
1.219,3.00537
1.22,3.00889
1.221,3.01241
1.222,3.01592
1.223,3.01944
1.224,3.02295
1.225,3.02647
1.226,3.02998
1.227,3.03349
1.228,3.037
1.229,3.04051
1.23,3.04402
1.231,3.04753
1.232,3.05104
1.233,3.05455
1.234,3.05806
1.235,3.06156
1.236,3.06507
1.237,3.06857
1.238,3.07208
1.239,3.07558
1.24,3.07908
1.241,3.08258
1.242,3.08608
1.243,3.08958
1.244,3.09308
1.245,3.09658
1.246,3.10008
1.247,3.10357
1.248,3.10707
1.249,3.11056
1.25,3.11406
1.251,3.11755
1.252,3.12104
1.253,3.12453
1.254,3.12802
1.255,3.13151
1.256,3.135
1.257,3.13849
1.258,3.14198
1.259,3.14546
1.26,3.14895
1.261,3.15243
1.262,3.15592
1.263,3.1594
1.264,3.16288
1.265,3.16636
1.266,3.16984
1.267,3.17332
1.268,3.1768
1.269,3.18027
1.27,3.18375
1.271,3.18722
1.272,3.1907
1.273,3.19417
1.274,3.19764
1.275,3.20111
1.276,3.20458
1.277,3.20805
1.278,3.21152
1.279,3.21499
1.28,3.21846
1.281,3.22192
1.282,3.22539
1.283,3.22885
1.284,3.23231
1.285,3.23577
1.286,3.23923
1.287,3.24269
1.288,3.24615
1.289,3.24961
1.29,3.25307
1.291,3.25652
1.292,3.25997
1.293,3.26343
1.294,3.26688
1.295,3.27033
1.296,3.27378
1.297,3.27723
1.298,3.28068
1.299,3.28413
1.3,3.28757
1.301,3.29102
1.302,3.29446
1.303,3.29791
1.304,3.30135
1.305,3.30479
1.306,3.30823
1.307,3.31167
1.308,3.31511
1.309,3.31854
1.31,3.32198
1.311,3.32541
1.312,3.32885
1.313,3.33228
1.314,3.33571
1.315,3.33914
1.316,3.34257
1.317,3.346
1.318,3.34943
1.319,3.35285
1.32,3.35628
1.321,3.3597
1.322,3.36312
1.323,3.36655
1.324,3.36997
1.325,3.37339
1.326,3.3768
1.327,3.38022
1.328,3.38364
1.329,3.38705
1.33,3.39047
1.331,3.39388
1.332,3.39729
1.333,3.4007
1.334,3.40411
1.335,3.40752
1.336,3.41093
1.337,3.41433
1.338,3.41774
1.339,3.42114
1.34,3.42455
1.341,3.42795
1.342,3.43135
1.343,3.43475
1.344,3.43815
1.345,3.44154
1.346,3.44494
1.347,3.44833
1.348,3.45173
1.349,3.45512
1.35,3.45851
1.351,3.4619
1.352,3.46529
1.353,3.46868
1.354,3.47207
1.355,3.47545
1.356,3.47884
1.357,3.48222
1.358,3.4856
1.359,3.48898
1.36,3.49236
1.361,3.49574
1.362,3.49912
1.363,3.5025
1.364,3.50587
1.365,3.50925
1.366,3.51262
1.367,3.51599
1.368,3.51936
1.369,3.52273
1.37,3.5261
1.371,3.52947
1.372,3.53283
1.373,3.5362
1.374,3.53956
1.375,3.54292
1.376,3.54628
1.377,3.54964
1.378,3.553
1.379,3.55636
1.38,3.55972
1.381,3.56307
1.382,3.56643
1.383,3.56978
1.384,3.57313
1.385,3.57648
1.386,3.57983
1.387,3.58318
1.388,3.58653
1.389,3.58988
1.39,3.59322
1.391,3.59657
1.392,3.59991
1.393,3.60325
1.394,3.60659
1.395,3.60993
1.396,3.61327
1.397,3.6166
1.398,3.61994
1.399,3.62327
1.4,3.62661
1.401,3.62994
1.402,3.63327
1.403,3.6366
1.404,3.63993
1.405,3.64326
1.406,3.64658
1.407,3.64991
1.408,3.65323
1.409,3.65656
1.41,3.65988
1.411,3.6632
1.412,3.66652
1.413,3.66984
1.414,3.67315
1.415,3.67647
1.416,3.67979
1.417,3.6831
1.418,3.68641
1.419,3.68972
1.42,3.69303
1.421,3.69634
1.422,3.69965
1.423,3.70296
1.424,3.70626
1.425,3.70957
1.426,3.71287
1.427,3.71617
1.428,3.71947
1.429,3.72277
1.43,3.72607
1.431,3.72937
1.432,3.73267
1.433,3.73596
1.434,3.73926
1.435,3.74255
1.436,3.74584
1.437,3.74913
1.438,3.75242
1.439,3.75571
1.44,3.759
1.441,3.76229
1.442,3.76557
1.443,3.76886
1.444,3.77214
1.445,3.77542
1.446,3.7787
1.447,3.78198
1.448,3.78526
1.449,3.78854
1.45,3.79182
1.451,3.79509
1.452,3.79837
1.453,3.80164
1.454,3.80491
1.455,3.80818
1.456,3.81145
1.457,3.81472
1.458,3.81799
1.459,3.82126
1.46,3.82452
1.461,3.82779
1.462,3.83105
1.463,3.83431
1.464,3.83758
1.465,3.84084
1.466,3.8441
1.467,3.84735
1.468,3.85061
1.469,3.85387
1.47,3.85712
1.471,3.86038
1.472,3.86363
1.473,3.86688
1.474,3.87013
1.475,3.87338
1.476,3.87663
1.477,3.87988
1.478,3.88313
1.479,3.88638
1.48,3.88962
1.481,3.89286
1.482,3.89611
1.483,3.89935
1.484,3.90259
1.485,3.90583
1.486,3.90907
1.487,3.91231
1.488,3.91555
1.489,3.91878
1.49,3.92202
1.491,3.92525
1.492,3.92848
1.493,3.93172
1.494,3.93495
1.495,3.93818
1.496,3.94141
1.497,3.94464
1.498,3.94786
1.499,3.95109
1.5,3.95432
1.501,3.95754
1.502,3.96077
1.503,3.96399
1.504,3.96721
1.505,3.97043
1.506,3.97365
1.507,3.97687
1.508,3.98009
1.509,3.98331
1.51,3.98652
1.511,3.98974
1.512,3.99295
1.513,3.99617
1.514,3.99938
1.515,4.00259
1.516,4.00581
1.517,4.00902
1.518,4.01223
1.519,4.01543
1.52,4.01864
1.521,4.02185
1.522,4.02506
1.523,4.02826
1.524,4.03147
1.525,4.03467
1.526,4.03787
1.527,4.04108
1.528,4.04428
1.529,4.04748
1.53,4.05068
1.531,4.05388
1.532,4.05707
1.533,4.06027
1.534,4.06347
1.535,4.06667
1.536,4.06986
1.537,4.07305
1.538,4.07625
1.539,4.07944
1.54,4.08263
1.541,4.08583
1.542,4.08902
1.543,4.09221
1.544,4.0954
1.545,4.09858
1.546,4.10177
1.547,4.10496
1.548,4.10815
1.549,4.11133
1.55,4.11452
1.551,4.1177
1.552,4.12089
1.553,4.12407
1.554,4.12725
1.555,4.13043
1.556,4.13361
1.557,4.13679
1.558,4.13997
1.559,4.14315
1.56,4.14633
1.561,4.14951
1.562,4.15269
1.563,4.15586
1.564,4.15904
1.565,4.16222
1.566,4.16539
1.567,4.16857
1.568,4.17174
1.569,4.17491
1.57,4.17809
1.571,4.18126
1.572,4.18443
1.573,4.1876
1.574,4.19077
1.575,4.19394
1.576,4.19711
1.577,4.20028
1.578,4.20345
1.579,4.20662
1.58,4.20979
1.581,4.21295
1.582,4.21612
1.583,4.21929
1.584,4.22245
1.585,4.22562
1.586,4.22878
1.587,4.23194
1.588,4.23511
1.589,4.23827
1.59,4.24144
1.591,4.2446
1.592,4.24776
1.593,4.25092
1.594,4.25408
1.595,4.25724
1.596,4.2604
1.597,4.26357
1.598,4.26672
1.599,4.26988
1.6,4.27304
1.601,4.2762
1.602,4.27936
1.603,4.28252
1.604,4.28568
1.605,4.28883
1.606,4.29199
1.607,4.29515
1.608,4.2983
1.609,4.30146
1.61,4.30462
1.611,4.30777
1.612,4.31093
1.613,4.31408
1.614,4.31724
1.615,4.32039
1.616,4.32355
1.617,4.3267
1.618,4.32986
1.619,4.33301
1.62,4.33616
1.621,4.33932
1.622,4.34247
1.623,4.34562
1.624,4.34878
1.625,4.35193
1.626,4.35508
1.627,4.35823
1.628,4.36139
1.629,4.36454
1.63,4.36769
1.631,4.37084
1.632,4.37399
1.633,4.37714
1.634,4.3803
1.635,4.38345
1.636,4.3866
1.637,4.38975
1.638,4.3929
1.639,4.39605
1.64,4.3992
1.641,4.40236
1.642,4.40551
1.643,4.40866
1.644,4.41181
1.645,4.41496
1.646,4.41811
1.647,4.42126
1.648,4.42441
1.649,4.42756
1.65,4.43072
1.651,4.43387
1.652,4.43702
1.653,4.44017
1.654,4.44332
1.655,4.44647
1.656,4.44962
1.657,4.45278
1.658,4.45593
1.659,4.45908
1.66,4.46223
1.661,4.46538
1.662,4.46853
1.663,4.47169
1.664,4.47484
1.665,4.47799
1.666,4.48115
1.667,4.4843
1.668,4.48745
1.669,4.49061
1.67,4.49376
1.671,4.49691
1.672,4.50007
1.673,4.50322
1.674,4.50638
1.675,4.50953
1.676,4.51269
1.677,4.51584
1.678,4.519
1.679,4.52215
1.68,4.52531
1.681,4.52846
1.682,4.53162
1.683,4.53478
1.684,4.53794
1.685,4.54109
1.686,4.54425
1.687,4.54741
1.688,4.55057
1.689,4.55373
1.69,4.55689
1.691,4.56005
1.692,4.56321
1.693,4.56637
1.694,4.56953
1.695,4.57269
1.696,4.57585
1.697,4.57902
1.698,4.58218
1.699,4.58534
1.7,4.58851
1.701,4.59167
1.702,4.59484
1.703,4.598
1.704,4.60117
1.705,4.60433
1.706,4.6075
1.707,4.61067
1.708,4.61384
1.709,4.617
1.71,4.62017
1.711,4.62334
1.712,4.62651
1.713,4.62968
1.714,4.63286
1.715,4.63603
1.716,4.6392
1.717,4.64237
1.718,4.64555
1.719,4.64872
1.72,4.6519
1.721,4.65507
1.722,4.65825
1.723,4.66143
1.724,4.6646
1.725,4.66778
1.726,4.67096
1.727,4.67414
1.728,4.67732
1.729,4.6805
1.73,4.68369
1.731,4.68687
1.732,4.69005
1.733,4.69324
1.734,4.69642
1.735,4.69961
1.736,4.7028
1.737,4.70598
1.738,4.70917
1.739,4.71236
1.74,4.71555
1.741,4.71874
1.742,4.72193
1.743,4.72513
1.744,4.72832
1.745,4.73151
1.746,4.73471
1.747,4.73791
1.748,4.7411
1.749,4.7443
1.75,4.7475
1.751,4.7507
1.752,4.7539
1.753,4.7571
1.754,4.76031
1.755,4.76351
1.756,4.76671
1.757,4.76992
1.758,4.77313
1.759,4.77633
1.76,4.77954
1.761,4.78275
1.762,4.78596
1.763,4.78917
1.764,4.79239
1.765,4.7956
1.766,4.79882
1.767,4.80203
1.768,4.80525
1.769,4.80847
1.77,4.81169
1.771,4.81491
1.772,4.81813
1.773,4.82135
1.774,4.82458
1.775,4.8278
1.776,4.83103
1.777,4.83425
1.778,4.83748
1.779,4.84071
1.78,4.84394
1.781,4.84717
1.782,4.85041
1.783,4.85364
1.784,4.85688
1.785,4.86012
1.786,4.86335
1.787,4.86659
1.788,4.86983
1.789,4.87308
1.79,4.87632
1.791,4.87956
1.792,4.88281
1.793,4.88606
1.794,4.88931
1.795,4.89256
1.796,4.89581
1.797,4.89906
1.798,4.90231
1.799,4.90557
1.8,4.90882
1.801,4.91208
1.802,4.91534
1.803,4.9186
1.804,4.92187
1.805,4.92513
1.806,4.92839
1.807,4.93166
1.808,4.93493
1.809,4.9382
1.81,4.94147
1.811,4.94474
1.812,4.94801
1.813,4.95129
1.814,4.95457
1.815,4.95784
1.816,4.96112
1.817,4.96441
1.818,4.96769
1.819,4.97097
1.82,4.97426
1.821,4.97755
1.822,4.98084
1.823,4.98413
1.824,4.98742
1.825,4.99071
1.826,4.99401
1.827,4.9973
1.828,5.0006
1.829,5.0039
1.83,5.0072
1.831,5.01051
1.832,5.01381
1.833,5.01712
1.834,5.02043
1.835,5.02374
1.836,5.02705
1.837,5.03036
1.838,5.03368
1.839,5.037
1.84,5.04031
1.841,5.04363
1.842,5.04696
1.843,5.05028
1.844,5.05361
1.845,5.05693
1.846,5.06026
1.847,5.06359
1.848,5.06692
1.849,5.07026
1.85,5.07359
1.851,5.07693
1.852,5.08027
1.853,5.08361
1.854,5.08696
1.855,5.0903
1.856,5.09365
1.857,5.097
1.858,5.10035
1.859,5.1037
1.86,5.10705
1.861,5.11041
1.862,5.11377
1.863,5.11713
1.864,5.12049
1.865,5.12385
1.866,5.12722
1.867,5.13059
1.868,5.13396
1.869,5.13733
1.87,5.1407
1.871,5.14408
1.872,5.14745
1.873,5.15083
1.874,5.15422
1.875,5.1576
1.876,5.16098
1.877,5.16437
1.878,5.16776
1.879,5.17115
1.88,5.17454
1.881,5.17794
1.882,5.18134
1.883,5.18474
1.884,5.18814
1.885,5.19154
1.886,5.19495
1.887,5.19835
1.888,5.20176
1.889,5.20517
1.89,5.20859
1.891,5.212
1.892,5.21542
1.893,5.21884
1.894,5.22226
1.895,5.22569
1.896,5.22911
1.897,5.23254
1.898,5.23597
1.899,5.23941
1.9,5.24284
1.901,5.24628
1.902,5.24972
1.903,5.25316
1.904,5.2566
1.905,5.26005
1.906,5.26349
1.907,5.26694
1.908,5.2704
1.909,5.27385
1.91,5.27731
1.911,5.28077
1.912,5.28423
1.913,5.28769
1.914,5.29116
1.915,5.29462
1.916,5.29809
1.917,5.30157
1.918,5.30504
1.919,5.30852
1.92,5.312
1.921,5.31548
1.922,5.31896
1.923,5.32245
1.924,5.32593
1.925,5.32942
1.926,5.33292
1.927,5.33641
1.928,5.33991
1.929,5.34341
1.93,5.34691
1.931,5.35041
1.932,5.35392
1.933,5.35743
1.934,5.36094
1.935,5.36445
1.936,5.36797
1.937,5.37149
1.938,5.37501
1.939,5.37853
1.94,5.38206
1.941,5.38559
1.942,5.38912
1.943,5.39265
1.944,5.39618
1.945,5.39972
1.946,5.40326
1.947,5.4068
1.948,5.41035
1.949,5.41389
1.95,5.41744
1.951,5.42099
1.952,5.42455
1.953,5.4281
1.954,5.43166
1.955,5.43523
1.956,5.43879
1.957,5.44236
1.958,5.44592
1.959,5.4495
1.96,5.45307
1.961,5.45665
1.962,5.46022
1.963,5.4638
1.964,5.46739
1.965,5.47097
1.966,5.47456
1.967,5.47815
1.968,5.48175
1.969,5.48534
1.97,5.48894
1.971,5.49254
1.972,5.49615
1.973,5.49975
1.974,5.50336
1.975,5.50697
1.976,5.51059
1.977,5.5142
1.978,5.51782
1.979,5.52144
1.98,5.52507
1.981,5.52869
1.982,5.53232
1.983,5.53595
1.984,5.53959
1.985,5.54322
1.986,5.54686
1.987,5.5505
1.988,5.55415
1.989,5.55779
1.99,5.56144
1.991,5.56509
1.992,5.56875
1.993,5.5724
1.994,5.57606
1.995,5.57973
1.996,5.58339
1.997,5.58706
1.998,5.59073
1.999,5.5944
2,5.59807
2.001,5.60175
2.002,5.60543
2.003,5.60911
2.004,5.6128
2.005,5.61649
2.006,5.62018
2.007,5.62387
2.008,5.62757
2.009,5.63127
2.01,5.63497
2.011,5.63867
2.012,5.64238
2.013,5.64608
2.014,5.6498
2.015,5.65351
2.016,5.65723
2.017,5.66095
2.018,5.66467
2.019,5.66839
2.02,5.67212
2.021,5.67585
2.022,5.67958
2.023,5.68332
2.024,5.68705
2.025,5.69079
2.026,5.69454
2.027,5.69828
2.028,5.70203
2.029,5.70578
2.03,5.70953
2.031,5.71329
2.032,5.71705
2.033,5.72081
2.034,5.72457
2.035,5.72834
2.036,5.73211
2.037,5.73588
2.038,5.73965
2.039,5.74343
2.04,5.74721
2.041,5.75099
2.042,5.75478
2.043,5.75857
2.044,5.76236
2.045,5.76615
2.046,5.76995
2.047,5.77374
2.048,5.77754
2.049,5.78135
2.05,5.78515
2.051,5.78896
2.052,5.79277
2.053,5.79659
2.054,5.8004
2.055,5.80422
2.056,5.80805
2.057,5.81187
2.058,5.8157
2.059,5.81953
2.06,5.82336
2.061,5.82719
2.062,5.83103
2.063,5.83487
2.064,5.83872
2.065,5.84256
2.066,5.84641
2.067,5.85026
2.068,5.85411
2.069,5.85797
2.07,5.86183
2.071,5.86569
2.072,5.86955
2.073,5.87342
2.074,5.87729
2.075,5.88116
2.076,5.88504
2.077,5.88891
2.078,5.89279
2.079,5.89668
2.08,5.90056
2.081,5.90445
2.082,5.90834
2.083,5.91223
2.084,5.91613
2.085,5.92002
2.086,5.92392
2.087,5.92783
2.088,5.93173
2.089,5.93564
2.09,5.93955
2.091,5.94347
2.092,5.94738
2.093,5.9513
2.094,5.95522
2.095,5.95915
2.096,5.96307
2.097,5.967
2.098,5.97093
2.099,5.97487
2.1,5.9788
2.101,5.98274
2.102,5.98669
2.103,5.99063
2.104,5.99458
2.105,5.99853
2.106,6.00248
2.107,6.00643
2.108,6.01039
2.109,6.01435
2.11,6.01831
2.111,6.02228
2.112,6.02624
2.113,6.03021
2.114,6.03419
2.115,6.03816
2.116,6.04214
2.117,6.04612
2.118,6.0501
2.119,6.05409
2.12,6.05807
2.121,6.06206
2.122,6.06606
2.123,6.07005
2.124,6.07405
2.125,6.07805
2.126,6.08205
2.127,6.08606
2.128,6.09006
2.129,6.09407
2.13,6.09808
2.131,6.1021
2.132,6.10612
2.133,6.11014
2.134,6.11416
2.135,6.11818
2.136,6.12221
2.137,6.12624
2.138,6.13027
2.139,6.13431
2.14,6.13834
2.141,6.14238
2.142,6.14642
2.143,6.15047
2.144,6.15451
2.145,6.15856
2.146,6.16261
2.147,6.16667
2.148,6.17072
2.149,6.17478
2.15,6.17884
2.151,6.1829
2.152,6.18697
2.153,6.19104
2.154,6.19511
2.155,6.19918
2.156,6.20325
2.157,6.20733
2.158,6.21141
2.159,6.21549
2.16,6.21958
2.161,6.22366
2.162,6.22775
2.163,6.23184
2.164,6.23594
2.165,6.24003
2.166,6.24413
2.167,6.24823
2.168,6.25233
2.169,6.25644
2.17,6.26054
2.171,6.26465
2.172,6.26876
2.173,6.27288
2.174,6.27699
2.175,6.28111
2.176,6.28523
2.177,6.28935
2.178,6.29348
2.179,6.2976
2.18,6.30173
2.181,6.30587
2.182,6.31
2.183,6.31413
2.184,6.31827
2.185,6.32241
2.186,6.32655
2.187,6.3307
2.188,6.33484
2.189,6.33899
2.19,6.34314
2.191,6.3473
2.192,6.35145
2.193,6.35561
2.194,6.35977
2.195,6.36393
2.196,6.36809
2.197,6.37226
2.198,6.37643
2.199,6.38059
2.2,6.38477
2.201,6.38894
2.202,6.39312
2.203,6.39729
2.204,6.40147
2.205,6.40565
2.206,6.40984
2.207,6.41402
2.208,6.41821
2.209,6.4224
2.21,6.42659
2.211,6.43079
2.212,6.43498
2.213,6.43918
2.214,6.44338
2.215,6.44758
2.216,6.45178
2.217,6.45599
2.218,6.4602
2.219,6.46441
2.22,6.46862
2.221,6.47283
2.222,6.47704
2.223,6.48126
2.224,6.48548
2.225,6.4897
2.226,6.49392
2.227,6.49815
2.228,6.50237
2.229,6.5066
2.23,6.51083
2.231,6.51506
2.232,6.51929
2.233,6.52353
2.234,6.52777
2.235,6.532
2.236,6.53624
2.237,6.54049
2.238,6.54473
2.239,6.54898
2.24,6.55322
2.241,6.55747
2.242,6.56172
2.243,6.56597
2.244,6.57023
2.245,6.57448
2.246,6.57874
2.247,6.583
2.248,6.58726
2.249,6.59152
2.25,6.59579
2.251,6.60005
2.252,6.60432
2.253,6.60859
2.254,6.61286
2.255,6.61713
2.256,6.62141
2.257,6.62568
2.258,6.62996
2.259,6.63424
2.26,6.63852
2.261,6.6428
2.262,6.64708
2.263,6.65136
2.264,6.65565
2.265,6.65994
2.266,6.66423
2.267,6.66852
2.268,6.67281
2.269,6.6771
2.27,6.6814
2.271,6.68569
2.272,6.68999
2.273,6.69429
2.274,6.69859
2.275,6.70289
2.276,6.70719
2.277,6.7115
2.278,6.7158
2.279,6.72011
2.28,6.72442
2.281,6.72873
2.282,6.73304
2.283,6.73735
2.284,6.74167
2.285,6.74598
2.286,6.7503
2.287,6.75461
2.288,6.75893
2.289,6.76325
2.29,6.76757
2.291,6.7719
2.292,6.77622
2.293,6.78054
2.294,6.78487
2.295,6.7892
2.296,6.79353
2.297,6.79786
2.298,6.80219
2.299,6.80652
2.3,6.81085
2.301,6.81519
2.302,6.81952
2.303,6.82386
2.304,6.82819
2.305,6.83253
2.306,6.83687
2.307,6.84121
2.308,6.84555
2.309,6.8499
2.31,6.85424
2.311,6.85859
2.312,6.86293
2.313,6.86728
2.314,6.87163
2.315,6.87597
2.316,6.88032
2.317,6.88467
2.318,6.88903
2.319,6.89338
2.32,6.89773
2.321,6.90208
2.322,6.90644
2.323,6.9108
2.324,6.91515
2.325,6.91951
2.326,6.92387
2.327,6.92823
2.328,6.93259
2.329,6.93695
2.33,6.94131
2.331,6.94567
2.332,6.95003
2.333,6.9544
2.334,6.95876
2.335,6.96313
2.336,6.96749
2.337,6.97186
2.338,6.97623
2.339,6.9806
2.34,6.98497
2.341,6.98934
2.342,6.99371
2.343,6.99808
2.344,7.00245
2.345,7.00682
2.346,7.01119
2.347,7.01556
2.348,7.01994
2.349,7.02431
2.35,7.02869
2.351,7.03306
2.352,7.03744
2.353,7.04182
2.354,7.04619
2.355,7.05057
2.356,7.05495
2.357,7.05933
2.358,7.06371
2.359,7.06808
2.36,7.07246
2.361,7.07684
2.362,7.08122
2.363,7.08561
2.364,7.08999
2.365,7.09437
2.366,7.09875
2.367,7.10313
2.368,7.10752
2.369,7.1119
2.37,7.11628
2.371,7.12067
2.372,7.12505
2.373,7.12943
2.374,7.13382
2.375,7.1382
2.376,7.14259
2.377,7.14697
2.378,7.15136
2.379,7.15574
2.38,7.16013
2.381,7.16452
2.382,7.1689
2.383,7.17329
2.384,7.17768
2.385,7.18206
2.386,7.18645
2.387,7.19084
2.388,7.19522
2.389,7.19961
2.39,7.204
2.391,7.20838
2.392,7.21277
2.393,7.21716
2.394,7.22155
2.395,7.22593
2.396,7.23032
2.397,7.23471
2.398,7.23909
2.399,7.24348
2.4,7.24787
2.401,7.25225
2.402,7.25664
2.403,7.26103
2.404,7.26542
2.405,7.2698
2.406,7.27419
2.407,7.27857
2.408,7.28296
2.409,7.28735
2.41,7.29173
2.411,7.29612
2.412,7.3005
2.413,7.30489
2.414,7.30927
2.415,7.31366
2.416,7.31804
2.417,7.32243
2.418,7.32681
2.419,7.33119
2.42,7.33558
2.421,7.33996
2.422,7.34434
2.423,7.34872
2.424,7.35311
2.425,7.35749
2.426,7.36187
2.427,7.36625
2.428,7.37063
2.429,7.37501
2.43,7.37939
2.431,7.38377
2.432,7.38815
2.433,7.39253
2.434,7.3969
2.435,7.40128
2.436,7.40566
2.437,7.41003
2.438,7.41441
2.439,7.41878
2.44,7.42316
2.441,7.42753
2.442,7.43191
2.443,7.43628
2.444,7.44065
2.445,7.44502
2.446,7.44939
2.447,7.45376
2.448,7.45813
2.449,7.4625
2.45,7.46687
2.451,7.47124
2.452,7.4756
2.453,7.47997
2.454,7.48434
2.455,7.4887
2.456,7.49306
2.457,7.49743
2.458,7.50179
2.459,7.50615
2.46,7.51051
2.461,7.51487
2.462,7.51923
2.463,7.52359
2.464,7.52795
2.465,7.5323
2.466,7.53666
2.467,7.54101
2.468,7.54537
2.469,7.54972
2.47,7.55407
2.471,7.55842
2.472,7.56277
2.473,7.56712
2.474,7.57147
2.475,7.57582
2.476,7.58016
2.477,7.58451
2.478,7.58885
2.479,7.5932
2.48,7.59754
2.481,7.60188
2.482,7.60622
2.483,7.61056
2.484,7.6149
2.485,7.61923
2.486,7.62357
2.487,7.6279
2.488,7.63224
2.489,7.63657
2.49,7.6409
2.491,7.64523
2.492,7.64956
2.493,7.65389
2.494,7.65821
2.495,7.66254
2.496,7.66686
2.497,7.67118
2.498,7.6755
2.499,7.67982
2.5,7.68414
2.501,7.68846
2.502,7.69278
2.503,7.69709
2.504,7.7014
2.505,7.70572
2.506,7.71003
2.507,7.71434
2.508,7.71864
2.509,7.72295
2.51,7.72726
2.511,7.73156
2.512,7.73586
2.513,7.74016
2.514,7.74446
2.515,7.74876
2.516,7.75306
2.517,7.75735
2.518,7.76164
2.519,7.76594
2.52,7.77023
2.521,7.77451
2.522,7.7788
2.523,7.78309
2.524,7.78737
2.525,7.79165
2.526,7.79594
2.527,7.80021
2.528,7.80449
2.529,7.80877
2.53,7.81304
2.531,7.81732
2.532,7.82159
2.533,7.82586
2.534,7.83012
2.535,7.83439
2.536,7.83866
2.537,7.84292
2.538,7.84718
2.539,7.85144
2.54,7.8557
2.541,7.85995
2.542,7.86421
2.543,7.86846
2.544,7.87271
2.545,7.87696
2.546,7.8812
2.547,7.88545
2.548,7.88969
2.549,7.89393
2.55,7.89817
2.551,7.90241
2.552,7.90665
2.553,7.91088
2.554,7.91511
2.555,7.91934
2.556,7.92357
2.557,7.9278
2.558,7.93202
2.559,7.93624
2.56,7.94046
2.561,7.94468
2.562,7.9489
2.563,7.95311
2.564,7.95732
2.565,7.96153
2.566,7.96574
2.567,7.96995
2.568,7.97415
2.569,7.97835
2.57,7.98255
2.571,7.98675
2.572,7.99095
2.573,7.99514
2.574,7.99933
2.575,8.00352
2.576,8.00771
2.577,8.0119
2.578,8.01608
2.579,8.02026
2.58,8.02444
2.581,8.02862
2.582,8.03279
2.583,8.03696
2.584,8.04113
2.585,8.0453
2.586,8.04947
2.587,8.05363
2.588,8.05779
2.589,8.06195
2.59,8.0661
2.591,8.07026
2.592,8.07441
2.593,8.07856
2.594,8.08271
2.595,8.08685
2.596,8.091
2.597,8.09514
2.598,8.09927
2.599,8.10341
2.6,8.10754
2.601,8.11167
2.602,8.1158
2.603,8.11993
2.604,8.12405
2.605,8.12817
2.606,8.13229
2.607,8.13641
2.608,8.14052
2.609,8.14463
2.61,8.14874
2.611,8.15285
2.612,8.15695
2.613,8.16105
2.614,8.16515
2.615,8.16925
2.616,8.17334
2.617,8.17743
2.618,8.18152
2.619,8.18561
2.62,8.18969
2.621,8.19378
2.622,8.19785
2.623,8.20193
2.624,8.206
2.625,8.21007
2.626,8.21414
2.627,8.21821
2.628,8.22227
2.629,8.22633
2.63,8.23039
2.631,8.23445
2.632,8.2385
2.633,8.24255
2.634,8.2466
2.635,8.25064
2.636,8.25468
2.637,8.25872
2.638,8.26276
2.639,8.26679
2.64,8.27082
2.641,8.27485
2.642,8.27888
2.643,8.2829
2.644,8.28692
2.645,8.29094
2.646,8.29495
2.647,8.29896
2.648,8.30297
2.649,8.30698
2.65,8.31098
2.651,8.31498
2.652,8.31898
2.653,8.32297
2.654,8.32696
2.655,8.33095
2.656,8.33494
2.657,8.33892
2.658,8.3429
2.659,8.34688
2.66,8.35086
2.661,8.35483
2.662,8.3588
2.663,8.36276
2.664,8.36673
2.665,8.37069
2.666,8.37464
2.667,8.3786
2.668,8.38255
2.669,8.3865
2.67,8.39044
2.671,8.39439
2.672,8.39833
2.673,8.40226
2.674,8.4062
2.675,8.41013
2.676,8.41406
2.677,8.41798
2.678,8.4219
2.679,8.42582
2.68,8.42974
2.681,8.43365
2.682,8.43756
2.683,8.44147
2.684,8.44537
2.685,8.44927
2.686,8.45317
2.687,8.45706
2.688,8.46095
2.689,8.46484
2.69,8.46873
2.691,8.47261
2.692,8.47649
2.693,8.48036
2.694,8.48423
2.695,8.4881
2.696,8.49197
2.697,8.49583
2.698,8.49969
2.699,8.50355
2.7,8.5074
2.701,8.51125
2.702,8.5151
2.703,8.51895
2.704,8.52279
2.705,8.52663
2.706,8.53046
2.707,8.53429
2.708,8.53812
2.709,8.54194
2.71,8.54577
2.711,8.54959
2.712,8.5534
2.713,8.55721
2.714,8.56102
2.715,8.56483
2.716,8.56863
2.717,8.57243
2.718,8.57623
2.719,8.58002
2.72,8.58381
2.721,8.58759
2.722,8.59138
2.723,8.59516
2.724,8.59893
2.725,8.60271
2.726,8.60648
2.727,8.61024
2.728,8.61401
2.729,8.61777
2.73,8.62152
2.731,8.62528
2.732,8.62903
2.733,8.63277
2.734,8.63651
2.735,8.64025
2.736,8.64399
2.737,8.64772
2.738,8.65145
2.739,8.65518
2.74,8.6589
2.741,8.66262
2.742,8.66634
2.743,8.67005
2.744,8.67376
2.745,8.67747
2.746,8.68117
2.747,8.68487
2.748,8.68857
2.749,8.69226
2.75,8.69595
2.751,8.69963
2.752,8.70332
2.753,8.707
2.754,8.71067
2.755,8.71434
2.756,8.71801
2.757,8.72168
2.758,8.72534
2.759,8.729
2.76,8.73265
2.761,8.7363
2.762,8.73995
2.763,8.7436
2.764,8.74724
2.765,8.75087
2.766,8.75451
2.767,8.75814
2.768,8.76177
2.769,8.76539
2.77,8.76901
2.771,8.77263
2.772,8.77624
2.773,8.77985
2.774,8.78346
2.775,8.78706
2.776,8.79066
2.777,8.79425
2.778,8.79785
2.779,8.80143
2.78,8.80502
2.781,8.8086
2.782,8.81218
2.783,8.81575
2.784,8.81932
2.785,8.82289
2.786,8.82646
2.787,8.83002
2.788,8.83357
2.789,8.83713
2.79,8.84068
2.791,8.84422
2.792,8.84777
2.793,8.85131
2.794,8.85484
2.795,8.85837
2.796,8.8619
2.797,8.86543
2.798,8.86895
2.799,8.87247
2.8,8.87598
2.801,8.87949
2.802,8.883
2.803,8.8865
2.804,8.89
2.805,8.8935
2.806,8.89699
2.807,8.90048
2.808,8.90396
2.809,8.90745
2.81,8.91093
2.811,8.9144
2.812,8.91787
2.813,8.92134
2.814,8.9248
2.815,8.92826
2.816,8.93172
2.817,8.93517
2.818,8.93862
2.819,8.94207
2.82,8.94551
2.821,8.94895
2.822,8.95239
2.823,8.95582
2.824,8.95925
2.825,8.96267
2.826,8.96609
2.827,8.96951
2.828,8.97292
2.829,8.97633
2.83,8.97974
2.831,8.98314
2.832,8.98654
2.833,8.98993
2.834,8.99333
2.835,8.99671
2.836,9.0001
2.837,9.00348
2.838,9.00686
2.839,9.01023
2.84,9.0136
2.841,9.01697
2.842,9.02033
2.843,9.02369
2.844,9.02704
2.845,9.0304
2.846,9.03374
2.847,9.03709
2.848,9.04043
2.849,9.04377
2.85,9.0471
2.851,9.05043
2.852,9.05376
2.853,9.05708
2.854,9.0604
2.855,9.06371
2.856,9.06703
2.857,9.07033
2.858,9.07364
2.859,9.07694
2.86,9.08024
2.861,9.08353
2.862,9.08682
2.863,9.09011
2.864,9.09339
2.865,9.09667
2.866,9.09994
2.867,9.10322
2.868,9.10648
2.869,9.10975
2.87,9.11301
2.871,9.11627
2.872,9.11952
2.873,9.12277
2.874,9.12602
2.875,9.12926
2.876,9.1325
2.877,9.13573
2.878,9.13896
2.879,9.14219
2.88,9.14542
2.881,9.14864
2.882,9.15185
2.883,9.15507
2.884,9.15828
2.885,9.16148
2.886,9.16469
2.887,9.16789
2.888,9.17108
2.889,9.17427
2.89,9.17746
2.891,9.18065
2.892,9.18383
2.893,9.187
2.894,9.19018
2.895,9.19335
2.896,9.19651
2.897,9.19968
2.898,9.20283
2.899,9.20599
2.9,9.20914
2.901,9.21229
2.902,9.21543
2.903,9.21857
2.904,9.22171
2.905,9.22485
2.906,9.22798
2.907,9.2311
2.908,9.23422
2.909,9.23734
2.91,9.24046
2.911,9.24357
2.912,9.24668
2.913,9.24978
2.914,9.25288
2.915,9.25598
2.916,9.25908
2.917,9.26217
2.918,9.26525
2.919,9.26834
2.92,9.27142
2.921,9.27449
2.922,9.27756
2.923,9.28063
2.924,9.2837
2.925,9.28676
2.926,9.28982
2.927,9.29287
2.928,9.29592
2.929,9.29897
2.93,9.30201
2.931,9.30505
2.932,9.30809
2.933,9.31112
2.934,9.31415
2.935,9.31718
2.936,9.3202
2.937,9.32322
2.938,9.32623
2.939,9.32924
2.94,9.33225
2.941,9.33525
2.942,9.33826
2.943,9.34125
2.944,9.34425
2.945,9.34724
2.946,9.35022
2.947,9.35321
2.948,9.35618
2.949,9.35916
2.95,9.36213
2.951,9.3651
2.952,9.36807
2.953,9.37103
2.954,9.37399
2.955,9.37694
2.956,9.37989
2.957,9.38284
2.958,9.38578
2.959,9.38872
2.96,9.39166
2.961,9.39459
2.962,9.39752
2.963,9.40045
2.964,9.40337
2.965,9.40629
2.966,9.40921
2.967,9.41212
2.968,9.41503
2.969,9.41793
2.97,9.42084
2.971,9.42373
2.972,9.42663
2.973,9.42952
2.974,9.43241
2.975,9.43529
2.976,9.43817
2.977,9.44105
2.978,9.44393
2.979,9.4468
2.98,9.44966
2.981,9.45253
2.982,9.45539
2.983,9.45824
2.984,9.4611
2.985,9.46395
2.986,9.46679
2.987,9.46964
2.988,9.47247
2.989,9.47531
2.99,9.47814
2.991,9.48097
2.992,9.4838
2.993,9.48662
2.994,9.48944
2.995,9.49225
2.996,9.49507
2.997,9.49787
2.998,9.50068
2.999,9.50348
3,9.50628
3.001,9.50907
3.002,9.51187
3.003,9.51465
3.004,9.51744
3.005,9.52022
3.006,9.523
3.007,9.52577
3.008,9.52854
3.009,9.53131
3.01,9.53407
3.011,9.53684
3.012,9.53959
3.013,9.54235
3.014,9.5451
3.015,9.54784
3.016,9.55059
3.017,9.55333
3.018,9.55607
3.019,9.5588
3.02,9.56153
3.021,9.56426
3.022,9.56698
3.023,9.5697
3.024,9.57242
3.025,9.57513
3.026,9.57785
3.027,9.58055
3.028,9.58326
3.029,9.58596
3.03,9.58865
3.031,9.59135
3.032,9.59404
3.033,9.59673
3.034,9.59941
3.035,9.60209
3.036,9.60477
3.037,9.60744
3.038,9.61011
3.039,9.61278
3.04,9.61545
3.041,9.61811
3.042,9.62076
3.043,9.62342
3.044,9.62607
3.045,9.62872
3.046,9.63136
3.047,9.634
3.048,9.63664
3.049,9.63928
3.05,9.64191
3.051,9.64454
3.052,9.64716
3.053,9.64979
3.054,9.6524
3.055,9.65502
3.056,9.65763
3.057,9.66024
3.058,9.66285
3.059,9.66545
3.06,9.66805
3.061,9.67064
3.062,9.67324
3.063,9.67583
3.064,9.67841
3.065,9.681
3.066,9.68358
3.067,9.68615
3.068,9.68873
3.069,9.6913
3.07,9.69387
3.071,9.69643
3.072,9.69899
3.073,9.70155
3.074,9.7041
3.075,9.70666
3.076,9.7092
3.077,9.71175
3.078,9.71429
3.079,9.71683
3.08,9.71937
3.081,9.7219
3.082,9.72443
3.083,9.72695
3.084,9.72948
3.085,9.732
3.086,9.73451
3.087,9.73703
3.088,9.73954
3.089,9.74205
3.09,9.74455
3.091,9.74705
3.092,9.74955
3.093,9.75204
3.094,9.75454
3.095,9.75703
3.096,9.75951
3.097,9.76199
3.098,9.76447
3.099,9.76695
3.1,9.76942
3.101,9.77189
3.102,9.77436
3.103,9.77683
3.104,9.77929
3.105,9.78174
3.106,9.7842
3.107,9.78665
3.108,9.7891
3.109,9.79155
3.11,9.79399
3.111,9.79643
3.112,9.79886
3.113,9.8013
3.114,9.80373
3.115,9.80616
3.116,9.80858
3.117,9.811
3.118,9.81342
3.119,9.81584
3.12,9.81825
3.121,9.82066
3.122,9.82306
3.123,9.82547
3.124,9.82787
3.125,9.83026
3.126,9.83266
3.127,9.83505
3.128,9.83744
3.129,9.83982
3.13,9.84221
3.131,9.84459
3.132,9.84696
3.133,9.84933
3.134,9.8517
3.135,9.85407
3.136,9.85644
3.137,9.8588
3.138,9.86116
3.139,9.86351
3.14,9.86586
3.141,9.86821
3.142,9.87056
